order,p,d,q,trend_req,trend_used,AIC,BIC,RMSE_test,MSE_test,error
"(5,1,0)",5,1,0,n,n,5003.110204260961,5032.166303954392,6.529911587030289,42.639745334432426,OK
"(5,1,0)",5,1,0,c,c,5003.110204260961,5032.166303954392,6.529911587030289,42.639745334432426,ERROR
"(5,0,0)",5,0,0,t,t,5003.886457407369,5037.792707050412,6.440481495227003,41.47980189036145,OK
"(5,1,0)",5,1,0,t,t,5004.78174434475,5038.680527320419,5.3079664360262955,28.17450768598169,OK
"(5,1,0)",5,1,0,ct,ct,5004.78174434475,5038.680527320419,5.3079664360262955,28.17450768598169,ERROR
"(5,1,0)",5,1,0,d,c,5004.78174434475,5038.680527320419,5.3079664360262955,28.17450768598169,ERROR
"(5,1,1)",5,1,1,n,n,5005.110065489014,5039.008848464683,6.531393667788025,42.659103243621516,OK
"(5,1,1)",5,1,1,c,c,5005.110065489014,5039.008848464683,6.531393667788025,42.659103243621516,ERROR
"(5,2,1)",5,2,1,n,n,5005.251836615443,5039.143144950785,4.838946862585514,23.415406738926194,OK
"(5,2,1)",5,2,1,c,c,5005.251836615443,5039.143144950785,4.838946862585514,23.415406738926194,ERROR
"(5,2,1)",5,2,1,t,t,5005.251836615443,5039.143144950785,4.838946862585514,23.415406738926194,ERROR
"(5,2,1)",5,2,1,ct,ct,5005.251836615443,5039.143144950785,4.838946862585514,23.415406738926194,ERROR
"(5,2,1)",5,2,1,d,c,5005.251836615443,5039.143144950785,4.838946862585514,23.415406738926194,ERROR
"(4,1,0)",4,1,0,n,n,5005.438341588062,5029.657091333093,6.534445114987549,42.698972960784644,OK
"(4,1,0)",4,1,0,c,c,5005.438341588062,5029.657091333093,6.534445114987549,42.698972960784644,ERROR
"(5,0,1)",5,0,1,t,t,5005.899799397384,5044.649798989434,6.413594535232303,41.13419486236166,OK
"(0,1,2)",0,1,2,n,n,5006.010631457291,5020.545077894916,6.595511776903781,43.50077559927647,OK
"(0,1,2)",0,1,2,c,c,5006.010631457291,5020.545077894916,6.595511776903781,43.50077559927647,ERROR
"(4,0,0)",4,0,0,t,t,5006.3260130128665,5035.394905888116,6.34369521331677,40.2424689594581,OK
"(5,1,2)",5,1,2,n,n,5006.684813147042,5045.42627940495,6.534202174927737,42.69579806283037,OK
"(5,1,2)",5,1,2,c,c,5006.684813147042,5045.42627940495,6.534202174927737,42.69579806283037,ERROR
"(5,1,1)",5,1,1,t,t,5006.781496294421,5045.522962552329,5.308776827012689,28.18311139902692,OK
"(5,1,1)",5,1,1,ct,ct,5006.781496294421,5045.522962552329,5.308776827012689,28.18311139902692,ERROR
"(5,1,1)",5,1,1,d,c,5006.781496294421,5045.522962552329,5.308776827012689,28.18311139902692,ERROR
"(5,2,2)",5,2,2,n,n,5006.888372204959,5045.6212960167795,4.839702935776336,23.422724506562087,OK
"(5,2,2)",5,2,2,c,c,5006.888372204959,5045.6212960167795,4.839702935776336,23.422724506562087,ERROR
"(5,2,2)",5,2,2,t,t,5006.888372204959,5045.6212960167795,4.839702935776336,23.422724506562087,ERROR
"(5,2,2)",5,2,2,ct,ct,5006.888372204959,5045.6212960167795,4.839702935776336,23.422724506562087,ERROR
"(5,2,2)",5,2,2,d,c,5006.888372204959,5045.6212960167795,4.839702935776336,23.422724506562087,ERROR
"(5,0,0)",5,0,0,ct,ct,5006.920599782325,5045.670599374374,7.408130952829293,54.88040421426744,OK
"(4,1,0)",4,1,0,t,t,5007.111209807733,5036.173709501771,5.312583819497537,28.223546839187044,OK
"(4,1,0)",4,1,0,ct,ct,5007.111209807733,5036.173709501771,5.312583819497537,28.223546839187044,ERROR
"(4,1,0)",4,1,0,d,c,5007.111209807733,5036.173709501771,5.312583819497537,28.223546839187044,ERROR
"(5,0,0)",5,0,0,n,n,5007.2989408517,5036.361440545737,5.385616845288484,29.004868804255082,OK
"(5,0,0)",5,0,0,d,n,5007.2989408517,5036.361440545737,5.385616845288484,29.004868804255082,OK
"(4,1,1)",4,1,1,n,n,5007.43792157605,5036.500421270088,6.532995447025954,42.680029510861836,OK
"(4,1,1)",4,1,1,c,c,5007.43792157605,5036.500421270088,6.532995447025954,42.680029510861836,ERROR
"(0,1,2)",0,1,2,t,t,5007.690594894649,5027.069856811482,5.363084087280847,28.762670927245036,OK
"(0,1,2)",0,1,2,ct,ct,5007.690594894649,5027.069856811482,5.363084087280847,28.762670927245036,ERROR
"(0,1,2)",0,1,2,d,c,5007.690594894649,5027.069856811482,5.363084087280847,28.762670927245036,ERROR
"(1,1,2)",1,1,2,n,n,5007.800694236126,5027.17995615296,6.549950486985451,42.90185138196095,OK
"(1,1,2)",1,1,2,c,c,5007.800694236126,5027.17995615296,6.549950486985451,42.90185138196095,ERROR
"(5,0,2)",5,0,2,t,t,5007.824680017366,5051.418429558422,6.403423002088421,41.00382614367509,OK
"(3,1,0)",3,1,0,n,n,5007.964006749235,5027.343268666068,6.633777908453899,44.00700933869099,OK
"(3,1,0)",3,1,0,c,c,5007.964006749235,5027.343268666068,6.633777908453899,44.00700933869099,ERROR
"(0,2,2)",0,2,2,n,n,5007.9824976704385,5022.513747517457,4.834768471306055,23.37498617113509,OK
"(0,2,2)",0,2,2,c,c,5007.9824976704385,5022.513747517457,4.834768471306055,23.37498617113509,ERROR
"(0,2,2)",0,2,2,t,t,5007.9824976704385,5022.513747517457,4.834768471306055,23.37498617113509,ERROR
"(0,2,2)",0,2,2,ct,ct,5007.9824976704385,5022.513747517457,4.834768471306055,23.37498617113509,ERROR
"(0,2,2)",0,2,2,d,c,5007.9824976704385,5022.513747517457,4.834768471306055,23.37498617113509,ERROR
"(4,0,1)",4,0,1,t,t,5008.319018114875,5042.232726469332,6.343181185661697,40.23594755413254,OK
"(0,1,1)",0,1,1,n,n,5008.4200533954045,5018.1118131459325,6.5645836449168655,43.09375843111,OK
"(0,1,1)",0,1,1,c,c,5008.4200533954045,5018.1118131459325,6.5645836449168655,43.09375843111,ERROR
"(4,2,1)",4,2,1,n,n,5008.634569512937,5037.690669206368,4.837891786420957,23.40519693711936,OK
"(4,2,1)",4,2,1,c,c,5008.634569512937,5037.690669206368,4.837891786420957,23.40519693711936,ERROR
"(4,2,1)",4,2,1,t,t,5008.634569512937,5037.690669206368,4.837891786420957,23.40519693711936,ERROR
"(4,2,1)",4,2,1,ct,ct,5008.634569512937,5037.690669206368,4.837891786420957,23.40519693711936,ERROR
"(4,2,1)",4,2,1,d,c,5008.634569512937,5037.690669206368,4.837891786420957,23.40519693711936,ERROR
"(1,0,2)",1,0,2,t,t,5008.716520442666,5032.945919818986,6.4048254146830255,41.02178859256959,OK
"(3,0,0)",3,0,0,t,t,5008.727549979581,5032.956949355902,6.417898138209813,41.18941651243698,OK
"(5,0,0)",5,0,0,c,c,5008.871436266349,5042.777685909392,10.519375261182528,110.65725588557899,OK
"(5,0,1)",5,0,1,ct,ct,5008.9429754961675,5052.536725037224,7.40922882091236,54.896671720638366,OK
"(5,1,2)",5,1,2,t,t,5008.9589690619105,5052.543118602056,5.266867562685289,27.73989392286648,OK
"(5,1,2)",5,1,2,ct,ct,5008.9589690619105,5052.543118602056,5.266867562685289,27.73989392286648,ERROR
"(5,1,2)",5,1,2,d,c,5008.9589690619105,5052.543118602056,5.266867562685289,27.73989392286648,ERROR
"(4,1,1)",4,1,1,t,t,5009.110725009944,5043.016974652987,5.3112249745770885,28.209110730571393,OK
"(4,1,1)",4,1,1,ct,ct,5009.110725009944,5043.016974652987,5.3112249745770885,28.209110730571393,ERROR
"(4,1,1)",4,1,1,d,c,5009.110725009944,5043.016974652987,5.3112249745770885,28.209110730571393,ERROR
"(5,0,1)",5,0,1,n,n,5009.299934443243,5043.206184086286,5.407695792098854,29.24317377988366,OK
"(5,0,1)",5,0,1,d,n,5009.299934443243,5043.206184086286,5.407695792098854,29.24317377988366,OK
"(4,0,0)",4,0,0,ct,ct,5009.465167088688,5043.378875443145,7.467376781060835,55.76171599032648,OK
"(1,1,2)",1,1,2,t,t,5009.474831402651,5033.698908798692,5.320576610098856,28.308535463931033,OK
"(1,1,2)",1,1,2,ct,ct,5009.474831402651,5033.698908798692,5.320576610098856,28.308535463931033,ERROR
"(1,1,2)",1,1,2,d,c,5009.474831402651,5033.698908798692,5.320576610098856,28.308535463931033,ERROR
"(4,1,2)",4,1,2,n,n,5009.6229266290375,5043.529176272081,6.486691139697548,42.077161941830674,OK
"(4,1,2)",4,1,2,c,c,5009.6229266290375,5043.529176272081,6.486691139697548,42.077161941830674,ERROR
"(3,1,0)",3,1,0,t,t,5009.641298616621,5033.865376012662,5.39178617335611,29.07135813919412,OK
"(3,1,0)",3,1,0,ct,ct,5009.641298616621,5033.865376012662,5.39178617335611,29.07135813919412,ERROR
"(3,1,0)",3,1,0,d,c,5009.641298616621,5033.865376012662,5.39178617335611,29.07135813919412,ERROR
"(2,1,2)",2,1,2,n,n,5009.681543341181,5033.905620737222,6.632733040636556,43.99314758835185,OK
"(2,1,2)",2,1,2,c,c,5009.681543341181,5033.905620737222,6.632733040636556,43.99314758835185,ERROR
"(4,0,0)",4,0,0,n,n,5009.824386460418,5034.048463856459,5.459645918740396,29.807733558018665,OK
"(4,0,0)",4,0,0,d,n,5009.824386460418,5034.048463856459,5.459645918740396,29.807733558018665,OK
"(3,1,1)",3,1,1,n,n,5009.964992927096,5034.1890703231375,6.633730108192482,44.006375148339444,OK
"(3,1,1)",3,1,1,c,c,5009.964992927096,5034.1890703231375,6.633730108192482,44.006375148339444,ERROR
"(1,2,2)",1,2,2,n,n,5010.080356659205,5029.45535645523,4.843657981857572,23.461022645212566,OK
"(1,2,2)",1,2,2,c,c,5010.080356659205,5029.45535645523,4.843657981857572,23.461022645212566,ERROR
"(1,2,2)",1,2,2,t,t,5010.080356659205,5029.45535645523,4.843657981857572,23.461022645212566,ERROR
"(1,2,2)",1,2,2,ct,ct,5010.080356659205,5029.45535645523,4.843657981857572,23.461022645212566,ERROR
"(1,2,2)",1,2,2,d,c,5010.080356659205,5029.45535645523,4.843657981857572,23.461022645212566,ERROR
"(0,1,1)",0,1,1,t,t,5010.112065248227,5024.649704874019,5.3572412752610905,28.70003408136107,OK
"(0,1,1)",0,1,1,ct,ct,5010.112065248227,5024.649704874019,5.3572412752610905,28.70003408136107,ERROR
"(0,1,1)",0,1,1,d,c,5010.112065248227,5024.649704874019,5.3572412752610905,28.70003408136107,ERROR
"(4,2,2)",4,2,2,n,n,5010.3579170771445,5044.256700052813,4.837760979565862,23.403931295410043,OK
"(4,2,2)",4,2,2,c,c,5010.3579170771445,5044.256700052813,4.837760979565862,23.403931295410043,ERROR
"(4,2,2)",4,2,2,t,t,5010.3579170771445,5044.256700052813,4.837760979565862,23.403931295410043,ERROR
"(4,2,2)",4,2,2,ct,ct,5010.3579170771445,5044.256700052813,4.837760979565862,23.403931295410043,ERROR
"(4,2,2)",4,2,2,d,c,5010.3579170771445,5044.256700052813,4.837760979565862,23.403931295410043,ERROR
"(1,1,1)",1,1,1,n,n,5010.381600278255,5024.919239904048,6.6278509951356375,43.92840881372046,OK
"(1,1,1)",1,1,1,c,c,5010.381600278255,5024.919239904048,6.6278509951356375,43.92840881372046,ERROR
"(2,1,0)",2,1,0,n,n,5010.406556337802,5024.944195963594,6.587378041569201,43.39354946254807,OK
"(2,1,0)",2,1,0,c,c,5010.406556337802,5024.944195963594,6.587378041569201,43.39354946254807,ERROR
"(2,0,2)",2,0,2,t,t,5010.713820788337,5039.789100039921,6.395348320571394,40.900480141435345,OK
"(5,0,2)",5,0,2,ct,ct,5010.803555873289,5059.241055363352,7.37052133094696,54.324584689944146,OK
"(5,0,1)",5,0,1,c,c,5010.880947229204,5049.630946821254,10.516690094931278,110.60077055282564,OK
"(3,0,1)",3,0,1,t,t,5011.004843119039,5040.080122370623,6.481439535823245,42.00905845653265,OK
"(4,1,2)",4,1,2,t,t,5011.278436441323,5050.028436033373,5.253715363282324,27.601525118388725,OK
"(4,1,2)",4,1,2,ct,ct,5011.278436441323,5050.028436033373,5.253715363282324,27.601525118388725,ERROR
"(4,1,2)",4,1,2,d,c,5011.278436441323,5050.028436033373,5.253715363282324,27.601525118388725,ERROR
"(2,2,2)",2,2,2,n,n,5011.3054759098195,5035.524225654851,4.836792313266967,23.394559881678422,OK
"(2,2,2)",2,2,2,c,c,5011.3054759098195,5035.524225654851,4.836792313266967,23.394559881678422,ERROR
"(2,2,2)",2,2,2,t,t,5011.3054759098195,5035.524225654851,4.836792313266967,23.394559881678422,ERROR
"(2,2,2)",2,2,2,ct,ct,5011.3054759098195,5035.524225654851,4.836792313266967,23.394559881678422,ERROR
"(2,2,2)",2,2,2,d,c,5011.3054759098195,5035.524225654851,4.836792313266967,23.394559881678422,ERROR
"(0,2,1)",0,2,1,n,n,5011.315644297267,5021.005275255683,4.844083339781494,23.465143402748634,OK
"(0,2,1)",0,2,1,c,c,5011.315644297267,5021.005275255683,4.844083339781494,23.465143402748634,ERROR
"(0,2,1)",0,2,1,t,t,5011.315644297267,5021.005275255683,4.844083339781494,23.465143402748634,ERROR
"(0,2,1)",0,2,1,ct,ct,5011.315644297267,5021.005275255683,4.844083339781494,23.465143402748634,ERROR
"(0,2,1)",0,2,1,d,c,5011.315644297267,5021.005275255683,4.844083339781494,23.465143402748634,ERROR
"(2,1,2)",2,1,2,t,t,5011.343070251232,5040.411963126482,5.365476523707364,28.78833832645486,OK
"(2,1,2)",2,1,2,ct,ct,5011.343070251232,5040.411963126482,5.365476523707364,28.78833832645486,ERROR
"(2,1,2)",2,1,2,d,c,5011.343070251232,5040.411963126482,5.365476523707364,28.78833832645486,ERROR
"(5,0,2)",5,0,2,n,n,5011.352878649678,5050.102878241728,5.401922405159995,29.18076567136955,OK
"(5,0,2)",5,0,2,d,n,5011.352878649678,5050.102878241728,5.401922405159995,29.18076567136955,OK
"(4,0,0)",4,0,0,c,c,5011.4237673771595,5040.492660252409,10.497791901552084,110.20363480829252,OK
"(3,2,1)",3,2,1,n,n,5011.473564137561,5035.692313882592,4.836003534966936,23.386930190212702,OK
"(3,2,1)",3,2,1,c,c,5011.473564137561,5035.692313882592,4.836003534966936,23.386930190212702,ERROR
"(3,2,1)",3,2,1,t,t,5011.473564137561,5035.692313882592,4.836003534966936,23.386930190212702,ERROR
"(3,2,1)",3,2,1,ct,ct,5011.473564137561,5035.692313882592,4.836003534966936,23.386930190212702,ERROR
"(3,2,1)",3,2,1,d,c,5011.473564137561,5035.692313882592,4.836003534966936,23.386930190212702,ERROR
"(4,0,1)",4,0,1,ct,ct,5011.530061329397,5050.288585163063,7.477044688066159,55.906197267338364,OK
"(3,1,1)",3,1,1,t,t,5011.642030884832,5040.710923760082,5.388863162051627,29.039846179317056,OK
"(3,1,1)",3,1,1,ct,ct,5011.642030884832,5040.710923760082,5.388863162051627,29.039846179317056,ERROR
"(3,1,1)",3,1,1,d,c,5011.642030884832,5040.710923760082,5.388863162051627,29.039846179317056,ERROR
"(3,1,2)",3,1,2,n,n,5011.680457720664,5040.749350595914,6.624024622761987,43.87770220295709,OK
"(3,1,2)",3,1,2,c,c,5011.680457720664,5040.749350595914,6.624024622761987,43.87770220295709,ERROR
"(1,0,2)",1,0,2,ct,ct,5011.823916529137,5040.899195780721,7.47668819349861,55.90086634280151,OK
"(3,0,0)",3,0,0,ct,ct,5011.8346285385205,5040.909907790105,7.486933257511858,56.05416960243712,OK
"(4,0,1)",4,0,1,n,n,5011.919145475027,5040.988038350277,5.497763722873733,30.225405952546456,OK
"(4,0,1)",4,0,1,d,n,5011.919145475027,5040.988038350277,5.497763722873733,30.225405952546456,OK
"(4,0,2)",4,0,2,t,t,5012.058130959505,5050.816654793171,6.638215576672278,44.06590604237446,OK
"(1,1,1)",1,1,1,t,t,5012.064806121702,5031.448325622758,5.3976949263848155,29.135110518320378,OK
"(1,1,1)",1,1,1,ct,ct,5012.064806121702,5031.448325622758,5.3976949263848155,29.135110518320378,ERROR
"(1,1,1)",1,1,1,d,c,5012.064806121702,5031.448325622758,5.3976949263848155,29.135110518320378,ERROR
"(2,1,0)",2,1,0,t,t,5012.09697492903,5031.480494430086,5.3742988085510355,28.883087683593082,OK
"(2,1,0)",2,1,0,ct,ct,5012.09697492903,5031.480494430086,5.3742988085510355,28.883087683593082,ERROR
"(2,1,0)",2,1,0,d,c,5012.09697492903,5031.480494430086,5.3742988085510355,28.883087683593082,ERROR
"(1,0,2)",1,0,2,n,n,5012.2554421320665,5031.638961633123,5.475917521889911,29.985672706540946,OK
"(1,0,2)",1,0,2,d,n,5012.2554421320665,5031.638961633123,5.475917521889911,29.985672706540946,OK
"(3,0,0)",3,0,0,n,n,5012.2782027984185,5031.661722299475,5.459937245467783,29.81091472444632,OK
"(3,0,0)",3,0,0,d,n,5012.2782027984185,5031.661722299475,5.459937245467783,29.81091472444632,OK
"(1,0,1)",1,0,1,t,t,5012.349070922836,5031.736843481178,6.5558529542903,42.97920795827685,OK
"(2,1,1)",2,1,1,n,n,5012.3584479903675,5031.741967491424,6.643122684532507,44.131079001750386,OK
"(2,1,1)",2,1,1,c,c,5012.3584479903675,5031.741967491424,6.643122684532507,44.131079001750386,ERROR
"(2,0,0)",2,0,0,t,t,5012.367648091291,5031.7554206496325,6.573213151550735,43.207131135719536,OK
"(5,0,2)",5,0,2,c,c,5012.776549985358,5056.370299526414,10.525420554589372,110.78447785097244,OK
"(1,2,1)",1,2,1,n,n,5012.881779209766,5027.416225647391,4.8356269004806265,23.383287520651873,OK
"(1,2,1)",1,2,1,c,c,5012.881779209766,5027.416225647391,4.8356269004806265,23.383287520651873,ERROR
"(1,2,1)",1,2,1,t,t,5012.881779209766,5027.416225647391,4.8356269004806265,23.383287520651873,ERROR
"(1,2,1)",1,2,1,ct,ct,5012.881779209766,5027.416225647391,4.8356269004806265,23.383287520651873,ERROR
"(1,2,1)",1,2,1,d,c,5012.881779209766,5027.416225647391,4.8356269004806265,23.383287520651873,ERROR
"(3,2,2)",3,2,2,n,n,5013.141858707553,5042.204358401591,4.836129666991487,23.38815015595519,OK
"(3,2,2)",3,2,2,c,c,5013.141858707553,5042.204358401591,4.836129666991487,23.38815015595519,ERROR
"(3,2,2)",3,2,2,t,t,5013.141858707553,5042.204358401591,4.836129666991487,23.38815015595519,ERROR
"(3,2,2)",3,2,2,ct,ct,5013.141858707553,5042.204358401591,4.836129666991487,23.38815015595519,ERROR
"(3,2,2)",3,2,2,d,c,5013.141858707553,5042.204358401591,4.836129666991487,23.38815015595519,ERROR
"(0,1,0)",0,1,0,n,n,5013.276068694508,5018.123011834093,6.459594517537628,41.72636133100218,OK
"(0,1,0)",0,1,0,c,c,5013.276068694508,5018.123011834093,6.459594517537628,41.72636133100218,ERROR
"(4,0,1)",4,0,1,c,c,5013.422634651707,5047.3363430061645,10.502306309905268,110.29843782707601,OK
"(4,0,2)",4,0,2,ct,ct,5013.4874609304425,5057.090800243317,7.539827980212152,56.84900597119007,OK
"(3,0,1)",3,0,1,ct,ct,5013.809556193648,5047.7307153204965,7.46594926292775,55.74039839661142,OK
"(1,0,2)",1,0,2,c,c,5013.822890822001,5038.052290198321,10.537067388135302,111.02978914210452,OK
"(3,0,0)",3,0,0,c,c,5013.843372671481,5038.072772047802,10.55307824314884,111.36746040602144,OK
"(2,1,1)",2,1,1,t,t,5014.045661387837,5038.275060764157,5.354245609660604,28.667946048569853,OK
"(2,1,1)",2,1,1,ct,ct,5014.045661387837,5038.275060764157,5.354245609660604,28.667946048569853,ERROR
"(2,1,1)",2,1,1,d,c,5014.045661387837,5038.275060764157,5.354245609660604,28.667946048569853,ERROR
"(3,1,2)",3,1,2,t,t,5014.052055789356,5047.965764143813,5.260726123115191,27.675239342426586,OK
"(3,1,2)",3,1,2,ct,ct,5014.052055789356,5047.965764143813,5.260726123115191,27.675239342426586,ERROR
"(3,1,2)",3,1,2,d,c,5014.052055789356,5047.965764143813,5.260726123115191,27.675239342426586,ERROR
"(2,0,2)",2,0,2,n,n,5014.20536786622,5038.43476724254,5.463612840036304,29.851065265809563,OK
"(2,0,2)",2,0,2,d,n,5014.20536786622,5038.43476724254,5.463612840036304,29.851065265809563,OK
"(2,0,1)",2,0,1,t,t,5014.2771771845955,5038.511892882522,6.492945335683417,42.15833913217304,OK
"(2,0,2)",2,0,2,ct,ct,5014.307591944899,5048.228751071748,7.322057936854296,53.612532430650994,OK
"(1,1,0)",1,1,0,n,n,5014.453275205873,5024.147161485043,6.556644315967358,42.989584686107065,OK
"(1,1,0)",1,1,0,c,c,5014.453275205873,5024.147161485043,6.556644315967358,42.989584686107065,ERROR
"(2,2,1)",2,2,1,n,n,5014.556380908353,5033.935642825187,4.833974352851852,23.367308044029482,OK
"(2,2,1)",2,2,1,c,c,5014.556380908353,5033.935642825187,4.833974352851852,23.367308044029482,ERROR
"(2,2,1)",2,2,1,t,t,5014.556380908353,5033.935642825187,4.833974352851852,23.367308044029482,ERROR
"(2,2,1)",2,2,1,ct,ct,5014.556380908353,5033.935642825187,4.833974352851852,23.367308044029482,ERROR
"(2,2,1)",2,2,1,d,c,5014.556380908353,5033.935642825187,4.833974352851852,23.367308044029482,ERROR
"(3,0,1)",3,0,1,n,n,5014.7109350488245,5038.940334425145,5.512558274713747,30.388298732115008,OK
"(3,0,1)",3,0,1,d,n,5014.7109350488245,5038.940334425145,5.512558274713747,30.388298732115008,OK
"(0,1,0)",0,1,0,t,t,5015.027851724102,5024.721738003273,5.361277853580671,28.743300223294572,OK
"(0,1,0)",0,1,0,ct,ct,5015.027851724102,5024.721738003273,5.361277853580671,28.743300223294572,ERROR
"(0,1,0)",0,1,0,d,c,5015.027851724102,5024.721738003273,5.361277853580671,28.743300223294572,ERROR
"(4,0,2)",4,0,2,n,n,5015.3068714160345,5049.220579770492,5.42800458371189,29.463233760797287,OK
"(4,0,2)",4,0,2,d,n,5015.3068714160345,5049.220579770492,5.42800458371189,29.463233760797287,OK
"(4,0,2)",4,0,2,c,c,5015.430310047026,5054.188833880692,10.789961163105644,116.42326190132812,OK
"(1,0,1)",1,0,1,ct,ct,5015.58987180554,5039.824587503466,7.644793188023298,58.44286288764743,OK
"(1,0,0)",1,0,0,t,t,5015.597150520445,5030.141166344174,6.757518832351441,45.66406076958439,OK
"(2,0,0)",2,0,0,ct,ct,5015.604180290087,5039.838895988014,7.651683909579224,58.54826665211359,OK
"(3,0,1)",3,0,1,c,c,5015.7890874435,5044.864366695084,10.539195822729072,111.07464858982992,OK
"(3,0,2)",3,0,2,ct,ct,5015.822922267376,5054.589961269488,7.325979479247443,53.66997533035463,OK
"(3,0,2)",3,0,2,n,n,5016.081425318418,5045.156704570002,5.449749052480109,29.699764735007843,OK
"(3,0,2)",3,0,2,d,n,5016.081425318418,5045.156704570002,5.449749052480109,29.699764735007843,OK
"(1,1,0)",1,1,0,t,t,5016.191900401129,5030.732729819885,5.425769015710608,29.43896941184526,OK
"(1,1,0)",1,1,0,ct,ct,5016.191900401129,5030.732729819885,5.425769015710608,29.43896941184526,ERROR
"(1,1,0)",1,1,0,d,c,5016.191900401129,5030.732729819885,5.425769015710608,29.43896941184526,ERROR
"(1,0,1)",1,0,1,n,n,5016.326033763115,5030.866863181872,5.582653347211694,31.166018395133925,OK
"(1,0,1)",1,0,1,d,n,5016.326033763115,5030.866863181872,5.582653347211694,31.166018395133925,OK
"(2,0,0)",2,0,0,n,n,5016.358403912924,5030.89923333168,5.564765159421285,30.966611279508996,OK
"(2,0,0)",2,0,0,d,n,5016.358403912924,5030.89923333168,5.564765159421285,30.966611279508996,OK
"(2,0,2)",2,0,2,c,c,5016.382294809371,5045.457574060955,10.557378023536302,111.45823073184728,OK
"(2,0,1)",2,0,1,ct,ct,5017.559245669279,5046.640904506791,7.633510951262452,58.270489443043786,OK
"(3,0,2)",3,0,2,c,c,5017.694360868887,5051.615519995736,10.483421237351173,109.9021208397456,OK
"(1,0,1)",1,0,1,c,c,5017.826318497193,5037.2140910555345,10.669496131828714,113.83814770710788,OK
"(2,0,0)",2,0,0,c,c,5017.851697708742,5037.239470267084,10.675452849492688,113.96529354174153,OK
"(2,0,1)",2,0,1,n,n,5018.171916901753,5037.559689460095,5.576386207017098,31.09608312981054,OK
"(2,0,1)",2,0,1,d,n,5018.171916901753,5037.559689460095,5.576386207017098,31.09608312981054,OK
"(1,0,0)",1,0,0,ct,ct,5018.630397978273,5038.022419076578,7.7505176943880745,60.070524531022635,OK
"(3,0,2)",3,0,2,t,t,5019.086141614297,5053.007300741146,11.811742163314928,139.5172529326316,OK
"(1,0,0)",1,0,0,n,n,5019.6077824922195,5029.303793041372,5.570359124612659,31.02890077715551,OK
"(1,0,0)",1,0,0,d,n,5019.6077824922195,5029.303793041372,5.570359124612659,31.02890077715551,OK
"(2,0,1)",2,0,1,c,c,5019.742046924783,5043.976762622709,10.642552664608155,113.26392721895813,OK
"(1,0,0)",1,0,0,c,c,5020.989280001545,5035.533295825274,10.992488593657557,120.83480548169148,OK
"(5,2,0)",5,2,0,n,n,5135.218783050773,5164.268475909638,104.02689246397405,10821.594355711222,OK
"(5,2,0)",5,2,0,c,c,5135.218783050773,5164.268475909638,104.02689246397405,10821.594355711222,ERROR
"(5,2,0)",5,2,0,t,t,5135.218783050773,5164.268475909638,104.02689246397405,10821.594355711222,ERROR
"(5,2,0)",5,2,0,ct,ct,5135.218783050773,5164.268475909638,104.02689246397405,10821.594355711222,ERROR
"(5,2,0)",5,2,0,d,c,5135.218783050773,5164.268475909638,104.02689246397405,10821.594355711222,ERROR
"(4,2,0)",4,2,0,n,n,5170.917462716054,5195.130879127246,125.9095444976053,15853.213395594448,OK
"(4,2,0)",4,2,0,c,c,5170.917462716054,5195.130879127246,125.9095444976053,15853.213395594448,ERROR
"(4,2,0)",4,2,0,t,t,5170.917462716054,5195.130879127246,125.9095444976053,15853.213395594448,ERROR
"(4,2,0)",4,2,0,ct,ct,5170.917462716054,5195.130879127246,125.9095444976053,15853.213395594448,ERROR
"(4,2,0)",4,2,0,d,c,5170.917462716054,5195.130879127246,125.9095444976053,15853.213395594448,ERROR
"(3,2,0)",3,2,0,n,n,5212.2840771760675,5231.659076972092,144.20806558149164,20795.966178755792,OK
"(3,2,0)",3,2,0,c,c,5212.2840771760675,5231.659076972092,144.20806558149164,20795.966178755792,ERROR
"(3,2,0)",3,2,0,t,t,5212.2840771760675,5231.659076972092,144.20806558149164,20795.966178755792,ERROR
"(3,2,0)",3,2,0,ct,ct,5212.2840771760675,5231.659076972092,144.20806558149164,20795.966178755792,ERROR
"(3,2,0)",3,2,0,d,c,5212.2840771760675,5231.659076972092,144.20806558149164,20795.966178755792,ERROR
"(2,2,0)",2,2,0,n,n,5284.436294057023,5298.9707404946475,158.68055597038705,25179.518843071135,OK
"(2,2,0)",2,2,0,c,c,5284.436294057023,5298.9707404946475,158.68055597038705,25179.518843071135,ERROR
"(2,2,0)",2,2,0,t,t,5284.436294057023,5298.9707404946475,158.68055597038705,25179.518843071135,ERROR
"(2,2,0)",2,2,0,ct,ct,5284.436294057023,5298.9707404946475,158.68055597038705,25179.518843071135,ERROR
"(2,2,0)",2,2,0,d,c,5284.436294057023,5298.9707404946475,158.68055597038705,25179.518843071135,ERROR
"(1,2,0)",1,2,0,n,n,5400.283349493162,5409.97510924369,199.944655681229,39977.86533548522,OK
"(1,2,0)",1,2,0,c,c,5400.283349493162,5409.97510924369,199.944655681229,39977.86533548522,ERROR
"(1,2,0)",1,2,0,t,t,5400.283349493162,5409.97510924369,199.944655681229,39977.86533548522,ERROR
"(1,2,0)",1,2,0,ct,ct,5400.283349493162,5409.97510924369,199.944655681229,39977.86533548522,ERROR
"(1,2,0)",1,2,0,d,c,5400.283349493162,5409.97510924369,199.944655681229,39977.86533548522,ERROR
"(0,2,0)",0,2,0,n,n,5685.852356325733,5690.698236200998,212.5374734823018,45172.17763424014,OK
"(0,2,0)",0,2,0,c,c,5685.852356325733,5690.698236200998,212.5374734823018,45172.17763424014,ERROR
"(0,2,0)",0,2,0,t,t,5685.852356325733,5690.698236200998,212.5374734823018,45172.17763424014,ERROR
"(0,2,0)",0,2,0,ct,ct,5685.852356325733,5690.698236200998,212.5374734823018,45172.17763424014,ERROR
"(0,2,0)",0,2,0,d,c,5685.852356325733,5690.698236200998,212.5374734823018,45172.17763424014,ERROR
"(0,0,2)",0,0,2,ct,ct,7115.013770528699,7139.243169905019,28.178656572363128,794.0366862231838,OK
"(0,0,2)",0,0,2,c,c,7486.345747986261,7505.729267487317,72.14144138099007,5204.387564526826,OK
"(0,0,1)",0,0,1,ct,ct,7929.401717759061,7948.789490317403,28.2818628666467,799.8637672078095,OK
"(0,0,2)",0,0,2,t,t,8257.101210834164,8276.48473033522,33.308083554156156,1109.4284300506479,OK
"(0,0,1)",0,0,1,c,c,8367.459083276854,8381.99991269561,72.38458175487429,5239.52767582808,OK
"(0,0,0)",0,0,0,ct,ct,9094.31922505422,9108.863240877949,28.362499295421383,804.4313662827784,OK
"(0,0,1)",0,0,1,t,t,9245.839522440621,9260.380351859378,33.82020066110485,1143.805972757397,OK
"(0,0,0)",0,0,0,c,c,9563.382156367657,9573.07816691681,72.82086346309474,5302.878155510687,OK
"(0,0,2)",0,0,2,n,n,9807.497261525707,9822.034901151499,224.6536312214295,50469.25402097404,OK
"(0,0,2)",0,0,2,d,n,9807.497261525707,9822.034901151499,224.6536312214295,50469.25402097404,OK
"(0,0,0)",0,0,0,t,t,10496.848839443963,10506.544849993115,33.82293526825905,1143.990950160842,OK
"(0,0,1)",0,0,1,n,n,10931.986509970613,10941.680396249783,225.28203397031834,50751.99482980366,OK
"(0,0,1)",0,0,1,d,n,10931.986509970613,10941.680396249783,225.28203397031834,50751.99482980366,OK
"(0,0,0)",0,0,0,n,n,12224.218719688677,12229.066724963253,226.83199776442478,51452.75520980001,OK
"(0,0,0)",0,0,0,d,n,12224.218719688677,12229.066724963253,226.83199776442478,51452.75520980001,OK
